ride_id,driver_id,user_id,ride_status,request_code,pickup_location_lat,pickup_location_lon,dropoff_location_lat,dropoff_location_lon,request_date,pickup_date,dropoff_date,rating,payment_id,passengers_num
1,1,30,cancelled,33344,45.85882797252101,9.447727184797836,45.87435467014604,9.370142547640723,2023-01-30,2023-06-15 13:55:40,2023-08-17 08:08:50,2,1,3
2,1,25,no_show,59702,45.822103459985335,9.423145464773002,45.87299702593725,9.434200317727752,2023-03-19,2023-11-26 13:16:21,2023-03-05 06:06:55,5,2,3
3,4,14,no_show,53449,45.83351764536597,9.403932936106957,45.82785038711373,9.380644701633242,2023-02-24,2023-10-25 12:31:24,2023-11-24 10:14:18,5,3,3
4,5,15,completed,22159,45.89491493608075,9.371319475859412,45.87749175962671,9.41655469113585,2023-04-10,2023-04-02 02:29:22,2023-06-07 00:49:37,1,4,1
5,5,23,cancelled,69905,45.856065833582974,9.379330315436116,45.869062904111445,9.437865358335307,2023-10-30,2023-08-30 09:55:15,2023-06-18 11:04:16,1,5,3
6,3,1,completed,98433,45.854284730611,9.361948296393065,45.84076009864384,9.390166146494712,2023-08-18,2023-08-03 15:17:53,2023-01-19 20:39:56,4,6,1
7,2,21,completed,93441,45.84377532420348,9.370582337785503,45.81330464394042,9.381281722549286,2023-05-11,2023-08-10 00:37:57,2023-10-31 22:39:36,1,7,4
8,4,24,cancelled,59150,45.84986811034678,9.444718245824776,45.858185452672714,9.364557701036011,2023-04-13,2023-07-31 02:47:18,2023-08-06 10:16:30,4,8,3
9,4,10,no_show,72269,45.89162017366724,9.400381601291274,45.84920566891096,9.41142825687414,2022-12-15,2023-10-29 23:56:38,2023-04-17 07:24:38,5,9,4
10,3,36,cancelled,76821,45.88574630900258,9.441925821812722,45.82066789512876,9.425155052476313,2023-10-02,2023-10-28 11:11:08,2023-11-29 08:24:01,3,10,3
11,1,1,cancelled,38807,45.84954471256716,9.366061603324708,45.880764660809355,9.428322969985924,2023-06-16,2023-02-06 20:33:24,2023-01-22 18:45:14,1,11,2
12,1,6,completed,60640,45.86313964049359,9.373383866957871,45.85582914938252,9.411390519064392,2023-01-13,2023-08-11 21:30:46,2023-10-29 16:49:19,1,12,3
13,2,1,no_show,71678,45.88333452643518,9.415877007454382,45.83253736817011,9.362839559855495,2023-09-01,2023-06-20 08:18:00,2023-03-02 06:09:18,4,13,2
14,3,40,no_show,96595,45.830815291417906,9.395325790966258,45.82709596042504,9.39899190176856,2023-09-16,2023-03-03 00:51:45,2023-10-21 02:24:36,1,14,1
15,5,43,no_show,12410,45.873872102757545,9.448056560010915,45.856437026661425,9.446947066638778,2023-10-12,2023-11-21 00:49:31,2023-06-05 01:10:50,3,15,1
16,2,4,cancelled,50553,45.826711506394986,9.382355224762541,45.852003826501075,9.430357500431102,2023-08-15,2023-07-05 03:09:26,2023-10-23 21:37:37,2,16,2
17,2,32,completed,74905,45.86954977810858,9.433536699016626,45.87108896053453,9.388834146442017,2023-03-23,2023-12-02 08:14:49,2023-06-28 01:16:17,3,17,4
18,3,39,cancelled,36395,45.87116136334099,9.425172520476773,45.879616142363474,9.3784595444942,2023-07-18,2023-07-19 17:12:24,2023-03-21 20:01:19,3,18,4
19,5,10,completed,47321,45.852423977743,9.40861890067734,45.861747238826396,9.36678066484798,2023-09-14,2023-02-25 21:00:42,2023-05-21 15:05:57,3,19,1
20,4,31,no_show,77621,45.88338357239291,9.440722495357951,45.84008851680569,9.441196380935843,2023-11-02,2023-05-11 03:48:30,2023-05-18 10:58:48,5,20,3
21,2,28,no_show,19188,45.840212212208044,9.432085122977472,45.86407551784799,9.381889336894147,2023-01-28,2023-10-27 02:54:21,2023-03-01 10:49:57,2,21,1
22,3,24,cancelled,60967,45.86948921381924,9.438254510343222,45.84026979051931,9.448942918732799,2022-12-28,2023-05-10 20:14:51,2023-09-11 18:47:12,5,22,2
23,3,6,cancelled,67123,45.852975032903764,9.427323151898833,45.886475198734544,9.388045901273848,2022-12-23,2023-10-20 01:55:42,2023-06-17 08:04:08,2,23,1
24,3,37,completed,16654,45.86504248079593,9.451224004755732,45.81996883134253,9.429174559292814,2023-08-28,2023-08-20 20:08:16,2023-08-01 16:53:03,2,24,1
25,5,41,no_show,18376,45.87716638815683,9.419146713130887,45.863959420486445,9.404951379099744,2023-09-12,2023-05-07 08:52:11,2023-08-04 10:16:36,3,25,3
26,5,3,no_show,10496,45.85752313606148,9.42256684212524,45.89270711183922,9.4379943867274,2023-06-20,2023-09-08 20:27:29,2023-05-17 16:58:22,3,26,3
27,3,34,completed,99059,45.821881656679366,9.400754610496689,45.82291248536791,9.380290001682878,2023-07-31,2023-11-28 09:31:50,2023-06-12 08:51:16,2,27,3
28,4,9,no_show,53007,45.832379836176955,9.439173909926605,45.84072473451933,9.441283208300936,2023-08-28,2023-02-18 02:50:44,2023-06-25 19:29:55,4,28,1
29,3,15,completed,67281,45.882652333389714,9.369746761153928,45.8734258680478,9.438631867434571,2023-09-26,2023-03-08 06:43:47,2023-03-27 00:24:52,1,29,4
30,2,3,completed,85631,45.880604573917715,9.375434545401674,45.893149613996144,9.424086626856282,2023-10-21,2023-06-08 15:50:11,2023-11-09 08:52:28,3,30,2
31,4,38,no_show,71811,45.86924531777357,9.393822298175643,45.84750729787822,9.429478035053139,2023-06-30,2023-08-02 21:05:41,2023-06-21 08:38:29,3,31,1
32,3,40,no_show,63668,45.820765381611686,9.401551603281252,45.8417504169927,9.394634470929736,2023-09-28,2023-07-11 17:35:43,2023-11-02 17:29:01,1,32,2
33,2,37,no_show,54741,45.83545439834689,9.364723711138318,45.88711743793643,9.436110008882672,2023-08-24,2023-02-06 02:19:42,2023-01-04 21:09:53,1,33,3
34,3,25,no_show,28682,45.8582155515914,9.441949111710787,45.8200441817773,9.381158704709307,2023-03-27,2023-05-20 22:14:53,2023-02-27 08:09:24,4,34,4
35,4,9,completed,35916,45.89631771605328,9.363937100406977,45.841475959252406,9.379709309519317,2023-06-19,2023-11-18 15:32:36,2023-05-24 15:50:43,3,35,2
36,1,10,no_show,14834,45.81929567556068,9.385240602186851,45.854871282950995,9.43988257599989,2023-03-17,2023-02-02 17:07:21,2023-06-17 22:29:50,4,36,3
37,3,11,cancelled,66597,45.87006714538508,9.384078815202052,45.88967954874748,9.369957543123137,2023-07-15,2023-05-26 03:33:45,2023-06-25 21:09:59,2,37,4
38,4,22,completed,20834,45.824605123797305,9.42274521673272,45.816507306635216,9.391440320220386,2023-03-18,2023-08-18 23:24:30,2023-07-26 11:40:54,5,38,3
39,4,26,cancelled,28603,45.84217454432601,9.44518774539357,45.82268250584321,9.401319087608805,2023-05-25,2023-04-04 06:19:39,2023-04-10 04:27:01,1,39,4
40,4,3,completed,42538,45.84677466653981,9.39051124982183,45.87713815135639,9.441886646227465,2022-12-12,2023-09-01 20:47:59,2023-04-01 22:30:12,1,40,3
41,5,34,no_show,37763,45.87889138392013,9.41359338234027,45.89726761674228,9.369591074032448,2023-01-14,2023-06-25 21:36:40,2023-09-30 13:23:01,4,41,2
42,5,47,completed,10975,45.878248237593745,9.420938669243629,45.81309609457837,9.43808494353321,2023-05-17,2023-09-13 15:32:31,2023-08-24 01:34:29,1,42,4
43,1,47,completed,75202,45.86189180597674,9.36819098019607,45.84156905107775,9.438189768856217,2023-03-03,2023-08-30 17:38:02,2023-01-30 09:03:00,1,43,3
44,5,17,cancelled,54170,45.869374532766585,9.434327882056333,45.85418551818238,9.377262297776804,2023-10-30,2023-11-01 20:28:42,2023-06-23 15:20:25,5,44,3
45,3,14,no_show,11369,45.847389472449024,9.397356836249136,45.81527315972568,9.3774377368867,2023-01-03,2023-08-24 07:15:00,2023-10-09 04:19:49,3,45,1
46,3,21,completed,92667,45.84185413593965,9.433466417156016,45.87758144967666,9.44215498659159,2023-11-02,2023-02-03 15:29:51,2023-06-20 13:32:46,2,46,3
47,4,16,no_show,36323,45.81806657371954,9.41735169187558,45.87033858937841,9.414239978252061,2023-05-26,2023-07-09 00:19:25,2023-02-05 11:36:03,2,47,1
48,4,28,cancelled,21310,45.86196485560294,9.440113015854049,45.86780489479863,9.399104682352116,2023-10-02,2023-01-09 15:20:56,2023-11-06 03:08:04,1,48,3
49,5,7,cancelled,76054,45.84908941447141,9.452007757289428,45.89481587633289,9.37490578281513,2023-04-03,2023-03-19 11:46:23,2023-07-27 18:49:39,3,49,3
50,5,21,cancelled,97599,45.82397809801563,9.451494514006576,45.86785675554137,9.428806241565955,2022-12-20,2023-03-02 08:41:29,2023-04-28 13:26:17,2,50,2
51,2,1,no_show,95834,45.862639186305685,9.408795057427318,45.889443472489475,9.445439272141211,2023-02-12,2023-02-10 15:28:57,2023-01-13 09:55:10,1,51,2
52,1,39,completed,35142,45.83531427444322,9.381648265650954,45.81407247336232,9.434524879577891,2023-01-04,2023-07-02 23:47:06,2023-11-03 00:42:17,3,52,1
53,2,9,cancelled,99077,45.855989035719084,9.393033826085073,45.8346825543577,9.433059655622877,2023-10-02,2023-01-27 02:20:44,2023-03-11 14:16:02,4,53,2
54,3,24,no_show,58974,45.863688447752665,9.450130342216113,45.8477978801265,9.427461567239682,2023-07-15,2023-11-29 23:19:15,2023-10-29 14:36:42,5,54,3
55,1,12,completed,86018,45.865339139792866,9.428066201569209,45.8148210053886,9.452613826760423,2023-02-06,2023-12-04 19:24:07,2023-07-17 05:28:27,1,55,1
56,1,3,no_show,82496,45.87336049184295,9.401434112987822,45.88609064234914,9.405748803524968,2023-01-27,2023-09-22 00:23:21,2023-07-16 14:01:51,1,56,1
57,1,50,no_show,95580,45.83037938988473,9.446279381891731,45.88996312319765,9.433931266005574,2023-09-06,2023-11-15 18:18:51,2023-04-14 20:19:38,5,57,1
58,2,31,cancelled,67728,45.85336434337362,9.438355079383966,45.88585611032787,9.427567307367186,2023-03-22,2023-08-28 01:55:55,2023-05-05 02:07:50,3,58,1
59,2,2,no_show,39131,45.893158921936994,9.370393636297583,45.874523915905044,9.452528745574325,2023-07-15,2023-11-25 14:02:23,2023-07-20 11:43:36,3,59,1
60,1,49,no_show,36104,45.88194525838132,9.446405998655738,45.85866289770885,9.438240761642367,2023-01-01,2023-10-21 08:53:40,2023-10-05 18:28:30,3,60,2
61,5,42,no_show,81854,45.895463525874426,9.406978479979289,45.83841943935903,9.376568830009468,2023-04-30,2023-03-20 01:40:45,2023-08-22 09:46:18,1,61,2
62,4,21,cancelled,82163,45.89505632146626,9.373191621573659,45.86021110884468,9.431592626533716,2023-03-07,2023-11-04 04:24:33,2023-02-21 04:24:43,2,62,3
63,1,2,completed,98562,45.86477926097393,9.435439001253313,45.84765804912241,9.381066216621987,2023-08-12,2023-05-09 04:40:55,2023-06-07 03:15:05,2,63,1
64,3,27,cancelled,89986,45.84108620650634,9.417360024691309,45.82613968875988,9.386986517819816,2023-06-04,2023-12-01 06:11:01,2023-04-15 07:14:40,2,64,1
65,2,43,no_show,52716,45.822042208040216,9.378492428232024,45.877845311319675,9.448022464707815,2023-04-06,2023-10-28 12:58:42,2023-04-16 17:43:15,3,65,1
66,1,47,completed,92235,45.89641703386074,9.378667122601781,45.845641096239824,9.44171692942218,2023-09-06,2023-07-24 01:40:24,2023-09-30 17:57:02,5,66,2
67,5,30,completed,30200,45.82885286007344,9.416456397766407,45.840980673639166,9.394541305508987,2023-01-02,2023-03-27 15:38:34,2023-11-03 13:13:12,4,67,3
68,4,44,completed,47546,45.82648455636551,9.370570529750394,45.84534725840872,9.41226328720602,2022-12-16,2023-03-13 06:36:55,2023-06-22 23:26:42,1,68,2
69,4,9,no_show,90221,45.85381796698735,9.402481871309078,45.833816239998676,9.412836383687642,2023-02-05,2023-11-08 22:04:43,2023-08-15 15:51:52,3,69,4
70,2,46,no_show,11864,45.88409751828832,9.403717735175487,45.87433835027274,9.366969349217543,2023-08-30,2023-11-01 00:16:35,2023-03-23 15:39:56,5,70,3
71,3,42,completed,27715,45.83374185454934,9.418791366899068,45.85621427430103,9.392303632385925,2023-11-19,2023-04-07 18:58:08,2023-09-11 01:52:25,4,71,1
72,1,40,cancelled,30974,45.82359556975845,9.362144482299891,45.868921154957626,9.401400047271878,2023-08-14,2023-04-13 19:48:20,2023-08-14 10:18:14,2,72,2
73,2,19,no_show,37263,45.894472703617566,9.370212312325009,45.841878398808376,9.406937948323284,2023-01-06,2023-11-10 14:27:23,2023-01-19 14:26:14,5,73,3
74,4,16,no_show,36302,45.852474552508085,9.372214008346068,45.864020402224426,9.381378736856393,2023-11-15,2023-01-06 14:46:28,2023-11-28 03:27:14,2,74,3
75,5,24,no_show,22444,45.866409496741284,9.406256988319354,45.86381007753409,9.401234001076554,2023-04-26,2023-07-07 18:39:13,2023-12-04 19:57:21,3,75,3
76,2,17,no_show,62712,45.84005705388706,9.40538042196916,45.86188936443433,9.432989551700963,2023-08-23,2023-04-28 21:27:26,2023-08-09 16:18:49,3,76,3
77,4,42,cancelled,70503,45.85494332436765,9.380857703213309,45.84699024599494,9.389698218320879,2023-05-25,2023-07-01 11:25:42,2023-04-11 23:46:56,1,77,2
78,5,11,completed,92999,45.83020016614382,9.397941136559355,45.87793450865587,9.382524506260511,2023-11-22,2023-06-08 00:32:54,2023-07-11 16:34:00,5,78,3
79,2,15,cancelled,38399,45.866393799462806,9.383008459313423,45.84931854588937,9.396460327748404,2023-03-20,2023-07-17 22:39:02,2023-07-13 09:57:27,1,79,2
80,1,28,cancelled,52492,45.88159420371508,9.424564436639463,45.82640724706393,9.376695952747506,2023-02-16,2023-06-29 19:57:45,2023-09-19 21:13:55,3,80,3
81,2,44,completed,98874,45.880021290651364,9.44671345031394,45.82161035228055,9.42802430700943,2023-02-21,2023-10-25 13:12:25,2023-11-22 01:29:56,4,81,2
82,3,26,no_show,42907,45.817886776737915,9.39628372114073,45.84833537196581,9.364914157585643,2023-04-01,2023-01-11 13:58:56,2023-10-14 21:12:59,5,82,2
83,3,8,completed,30110,45.86308521467589,9.424694710384925,45.8453608459003,9.438445932926328,2023-02-16,2023-07-23 07:39:08,2023-05-18 00:18:57,3,83,2
84,5,49,no_show,57686,45.85389304696463,9.407522064447257,45.81693172688689,9.362200477627404,2023-01-10,2023-04-23 05:52:41,2023-11-11 17:09:48,1,84,4
85,5,16,completed,62362,45.85456211341788,9.3913357643951,45.82118409219739,9.375166952995814,2023-02-12,2023-08-18 03:50:22,2023-03-15 07:49:13,4,85,3
86,2,30,completed,15239,45.84170554376593,9.43171415512946,45.858716443241654,9.378422859471025,2023-06-24,2023-04-08 08:12:26,2023-11-07 06:06:38,2,86,4
87,5,21,cancelled,68367,45.890370519346334,9.374237962614822,45.8692453950503,9.438841200915594,2023-07-13,2023-08-07 19:13:21,2023-09-13 06:08:43,2,87,4
88,5,28,no_show,93367,45.8607325443946,9.432103885932715,45.84190233505522,9.43882246730089,2023-06-02,2023-07-26 12:04:53,2023-01-17 03:34:20,2,88,3
89,4,48,cancelled,61691,45.87682559682081,9.406792097096522,45.885277940843785,9.382012719809673,2023-09-28,2023-10-16 02:47:27,2023-07-25 14:43:15,1,89,4
90,2,45,no_show,79169,45.86959246297578,9.362632956197984,45.85960419297533,9.451742024575049,2023-04-04,2023-09-06 15:52:56,2023-11-20 15:15:40,5,90,3
91,5,15,completed,28436,45.889331708674725,9.370412598932312,45.84846340329592,9.364377526370697,2023-02-04,2023-10-28 22:58:11,2023-10-10 11:45:20,2,91,3
92,2,38,cancelled,77095,45.82715373783608,9.398357161689486,45.89099788947812,9.389933699881354,2023-06-23,2023-11-13 03:55:29,2023-03-27 00:47:54,3,92,2
93,2,33,completed,54639,45.86963662197429,9.362585866073077,45.88459230458466,9.435249626567602,2023-09-16,2023-06-02 05:56:20,2023-01-06 08:30:13,3,93,2
94,4,17,cancelled,40252,45.8842530660528,9.433850687530935,45.8367252705819,9.433037120850226,2023-10-20,2023-03-22 02:01:32,2023-05-10 22:03:54,1,94,2
95,4,8,no_show,54713,45.82812027267127,9.406137933965026,45.8162056020827,9.395311989518737,2023-01-07,2023-04-30 09:58:17,2023-04-29 13:38:34,5,95,2
96,1,43,completed,25806,45.842725568857745,9.410453711525536,45.84176551651265,9.39087376894842,2023-02-06,2023-08-15 05:01:46,2023-08-28 17:59:44,4,96,3
97,2,47,completed,15437,45.86442345884525,9.44527281805608,45.82924085405651,9.409946483845232,2023-11-19,2023-09-13 23:49:04,2023-01-03 18:47:15,2,97,1
98,3,43,cancelled,94180,45.83615709424238,9.420253124505459,45.87789399411469,9.432558761405277,2023-11-09,2023-06-08 03:04:10,2023-04-22 12:45:59,1,98,2
99,1,1,no_show,99675,45.826602638918914,9.377011651266761,45.852026783626094,9.416306011607146,2023-01-26,2023-08-24 08:43:43,2023-01-09 07:58:32,3,99,3
100,1,9,cancelled,27552,45.888898002377275,9.436527056274079,45.825493100798404,9.400494562733984,2023-01-16,2023-01-19 16:19:03,2023-03-20 21:11:23,1,100,1
101,2,37,no_show,52914,45.86812695504393,9.401366232322966,45.87670444162326,9.396942954347852,2023-10-28,2023-04-13 22:59:58,2023-07-05 17:08:56,3,101,3
102,1,19,no_show,56503,45.88823384485337,9.43767381328587,45.83964082992004,9.439275729815659,2023-11-18,2023-09-04 11:12:31,2023-08-06 20:52:35,1,102,1
103,5,49,no_show,49353,45.86517901375635,9.428225957872915,45.835782253734195,9.429801177920218,2023-07-22,2023-10-23 10:09:55,2023-05-06 14:24:07,4,103,2
104,3,36,cancelled,14735,45.85992934759431,9.39132403217777,45.893268047626876,9.429946383990076,2023-09-23,2023-05-26 12:31:32,2023-01-31 16:47:38,5,104,2
105,5,22,completed,52513,45.82394956856472,9.387513094369119,45.84218604044286,9.365649644917372,2023-01-07,2023-01-21 14:37:13,2023-10-31 12:06:16,2,105,4
106,3,21,no_show,92003,45.884701039635026,9.396858693053408,45.85043131263675,9.41106793447785,2023-03-14,2023-07-04 03:12:46,2023-05-15 10:26:40,1,106,3
107,3,15,no_show,44635,45.89145324559214,9.449333441249,45.841166813213945,9.436100873835102,2023-08-01,2023-07-29 18:39:11,2023-03-14 21:10:16,1,107,1
108,3,34,no_show,39822,45.818599187263935,9.414367887877289,45.84460496108672,9.40681021798563,2023-06-19,2023-11-13 05:08:34,2023-01-29 03:27:09,1,108,2
109,4,32,cancelled,51226,45.873369848789295,9.450452223121568,45.813704933706894,9.395518076752497,2022-12-27,2023-04-17 03:06:31,2023-10-16 09:37:05,2,109,3
110,3,32,no_show,65175,45.8612280754239,9.397871697531945,45.844695515324815,9.4414173255762,2023-03-19,2023-01-06 14:11:22,2023-09-10 02:06:50,2,110,4
111,5,48,cancelled,58555,45.844876066904135,9.437782437627957,45.82518189688355,9.416346993029615,2023-06-08,2023-09-07 15:28:21,2023-05-21 01:03:33,5,111,4
112,3,29,no_show,24324,45.89091282616585,9.411951474566186,45.868144741526145,9.445509385672477,2023-09-24,2023-09-17 22:54:22,2023-02-03 19:37:41,2,112,3
113,3,39,completed,96805,45.890665294529164,9.420037339748228,45.818308890969035,9.426224314866964,2023-05-17,2023-03-30 15:01:24,2023-08-11 08:48:26,1,113,3
114,5,10,no_show,83192,45.82441415626686,9.452164652873405,45.89282567503792,9.388675736838605,2023-06-25,2023-11-30 07:30:30,2023-06-18 03:31:34,5,114,1
115,1,8,no_show,95869,45.83428466778332,9.374098281235506,45.87261291336989,9.40970910091625,2023-05-11,2023-09-01 05:27:17,2023-06-23 01:38:38,3,115,4
116,4,30,completed,67843,45.88761419495977,9.375789001973136,45.89807405271549,9.371752536304419,2023-06-06,2023-04-30 12:24:14,2023-10-17 17:24:34,4,116,1
117,2,32,cancelled,71201,45.87442963168394,9.365735145459832,45.83592553003832,9.440908991778706,2023-07-07,2023-05-19 15:48:08,2023-01-08 04:56:59,5,117,3
118,4,1,cancelled,90905,45.8476327043361,9.444322427952425,45.864258141392334,9.441847091915479,2023-09-25,2023-05-07 03:38:37,2023-02-08 23:28:51,5,118,3
119,4,13,cancelled,25629,45.87799024207128,9.415604939156761,45.89155951316921,9.436200115666853,2023-07-04,2023-01-22 06:53:31,2023-07-04 17:54:46,3,119,3
120,5,45,cancelled,42663,45.87769725006178,9.426231319916008,45.85465553571925,9.417379561615613,2023-11-23,2023-05-20 00:43:14,2023-02-05 20:14:22,4,120,1
121,5,34,completed,38851,45.82826988372407,9.42761153837384,45.892813784926055,9.418408125739452,2023-01-21,2023-09-24 14:42:53,2023-01-15 06:17:45,1,121,4
122,2,17,no_show,48264,45.81954962526514,9.45205449357743,45.87668272810377,9.43813114092082,2022-12-12,2023-01-05 18:52:41,2023-05-22 02:32:45,1,122,3
123,5,32,cancelled,28353,45.85445286734122,9.363110493904257,45.87127412972845,9.398506315794169,2023-03-22,2023-08-21 04:10:21,2023-04-01 17:13:12,4,123,4
124,3,1,cancelled,88614,45.844231627724916,9.416139293475206,45.81929303765986,9.422832207317828,2023-01-27,2023-06-22 08:46:33,2023-09-24 11:43:08,1,124,1
125,1,45,no_show,48265,45.83541713297631,9.391373750411143,45.85849273411955,9.421628154146518,2022-12-11,2023-05-02 10:12:30,2023-11-20 09:50:28,3,125,4
126,5,27,cancelled,53635,45.831167901441944,9.36946379364987,45.82464881959217,9.368471558768677,2023-01-10,2023-07-01 05:20:20,2023-03-23 14:11:20,3,126,2
127,4,8,cancelled,64118,45.82715858130239,9.44888363876647,45.863734999875554,9.44765257593562,2023-02-25,2023-11-08 14:23:08,2023-08-21 03:59:39,4,127,3
128,4,11,no_show,58668,45.83050093676805,9.370298782965147,45.89372341693916,9.426102628160391,2023-04-08,2023-08-21 00:43:06,2023-06-24 13:02:50,3,128,4
129,4,7,no_show,75999,45.891193098240045,9.444897221010564,45.87299793621897,9.389616446925755,2023-02-11,2023-09-26 10:54:18,2023-11-28 19:48:37,3,129,4
130,1,29,completed,91846,45.84529307447839,9.372289703394834,45.8142403188548,9.435779947633153,2023-02-07,2023-04-11 03:46:14,2023-07-31 18:35:17,2,130,1
131,2,47,no_show,18255,45.880719236228224,9.367742006362004,45.85283396402295,9.392646786217004,2023-05-04,2023-09-10 00:40:01,2023-07-17 03:46:49,1,131,2
132,2,47,no_show,87304,45.8338197815434,9.393876281958491,45.83999993061063,9.400575815409141,2023-04-19,2023-10-13 12:14:12,2023-08-08 09:00:52,3,132,2
133,4,8,no_show,76116,45.840006653336424,9.39342956897122,45.879401027697426,9.39023230230303,2023-10-04,2023-01-26 07:03:34,2023-01-29 19:59:05,3,133,2
134,5,14,no_show,18624,45.878215450721704,9.45268051743765,45.893515857816915,9.373616952891016,2023-09-28,2023-11-20 11:11:09,2023-09-20 07:13:51,4,134,3
135,3,14,completed,83241,45.89609733885266,9.448280641370637,45.82623467421873,9.424863321135765,2023-07-22,2023-01-18 00:20:46,2023-09-26 00:35:16,4,135,1
136,3,2,no_show,65780,45.893496509909305,9.410944981417646,45.858523230755694,9.42387702253882,2023-03-14,2023-05-24 22:46:41,2023-05-08 01:22:57,3,136,2
137,2,31,cancelled,22476,45.82518393278355,9.409829126223293,45.81450193909893,9.443119387417061,2023-11-02,2023-10-31 18:40:09,2023-04-26 00:31:34,2,137,4
138,1,5,no_show,67099,45.83253003102811,9.410581331915795,45.830419346228354,9.372082947905385,2023-06-25,2023-11-28 08:00:14,2023-08-18 15:35:52,4,138,2
139,5,2,no_show,82123,45.8919829777549,9.406990589104574,45.869859733454334,9.415032673035395,2023-04-11,2023-08-14 02:59:44,2023-09-14 17:23:16,1,139,2
140,2,44,no_show,25546,45.8953192011522,9.369463036099726,45.8261750336939,9.427189823670265,2023-11-24,2023-04-10 03:54:44,2023-03-15 18:54:09,5,140,1
141,2,10,cancelled,98839,45.8908682520092,9.407481847737767,45.888948497925426,9.405181263838612,2023-04-18,2023-09-21 10:31:35,2023-08-04 01:07:22,5,141,4
142,1,23,no_show,70065,45.887691976811084,9.452222482753061,45.89761644808849,9.451000695493375,2023-04-21,2023-09-11 12:48:51,2023-10-29 21:01:58,2,142,1
143,5,46,cancelled,59762,45.82609274038472,9.386310966168004,45.859045095515114,9.385134689811863,2023-01-11,2023-01-16 09:21:21,2023-04-19 10:34:39,3,143,3
144,4,49,no_show,47666,45.848227317495876,9.362843070270696,45.841774372152216,9.380771550956673,2023-10-24,2023-11-06 19:54:51,2023-10-04 18:26:29,2,144,2
145,4,40,completed,11994,45.880866610262075,9.449848320711842,45.8287260125035,9.392061136816322,2023-06-02,2023-08-30 12:21:19,2023-01-19 16:36:14,2,145,4
146,1,29,cancelled,34261,45.87489714920823,9.397678629535214,45.81498029088363,9.43234458557198,2022-12-24,2023-02-22 15:07:59,2023-11-24 08:32:29,3,146,1
147,2,38,no_show,46045,45.87779595547269,9.400269772409287,45.82310795495759,9.435687122677017,2023-01-12,2023-06-07 19:06:07,2023-08-06 20:01:48,4,147,2
148,3,1,completed,49737,45.8428450442268,9.442106811880633,45.897146749675265,9.421098341983551,2023-12-01,2023-02-25 05:31:30,2023-09-10 01:58:18,2,148,3
149,4,5,no_show,43925,45.8962089018215,9.422254850704167,45.82650201450158,9.39618932026788,2023-04-14,2023-05-21 13:50:57,2023-11-26 08:27:54,4,149,3
150,1,25,cancelled,26788,45.84849892822797,9.3859089150064,45.85279716443005,9.36780286350924,2023-03-04,2023-10-17 05:54:56,2023-02-22 04:57:23,4,150,3
151,4,10,completed,41131,45.87230621199911,9.363070313362007,45.87675024930322,9.43867109877086,2023-10-12,2023-10-02 18:09:04,2023-07-18 13:09:58,3,151,1
152,4,42,completed,55692,45.83302454811946,9.36262960075312,45.86308416818516,9.435987924205326,2023-12-04,2023-09-11 02:10:36,2023-11-08 22:24:33,4,152,1
153,2,41,no_show,44475,45.85575412990243,9.376493261782517,45.83418959333893,9.41330764867698,2023-06-17,2023-05-31 03:36:34,2023-05-30 11:03:26,2,153,1
154,5,34,no_show,85634,45.83881278145853,9.390876998625627,45.81298817417884,9.402134991142727,2023-08-30,2023-04-09 14:04:20,2023-04-15 11:45:30,3,154,1
155,3,9,cancelled,49755,45.88300907626961,9.371351620512465,45.87179381431714,9.377809378383198,2023-10-11,2023-07-07 22:44:11,2023-04-12 03:50:07,1,155,1
156,2,16,completed,42087,45.860068022608026,9.37006404844114,45.89616605381926,9.378932584355198,2022-12-31,2023-04-19 16:23:11,2023-09-23 22:01:48,4,156,2
157,4,31,no_show,18381,45.889306198420236,9.365605965625027,45.84413462848918,9.376596037868946,2023-03-24,2023-01-21 03:17:21,2023-07-29 09:45:47,3,157,1
158,5,40,completed,54395,45.854915044662924,9.411530813753918,45.883322165281655,9.362584642303842,2023-10-21,2023-03-31 17:44:37,2023-10-29 09:13:38,3,158,1
159,4,50,completed,41237,45.881971446573516,9.426810437176014,45.81311910242006,9.440565266648196,2023-10-17,2023-11-21 11:04:16,2023-11-28 20:09:10,4,159,4
160,1,32,no_show,95205,45.81721789280397,9.37667323883659,45.84506839609655,9.431849000389574,2023-05-30,2023-05-11 03:53:39,2023-05-05 09:34:02,5,160,3
161,3,12,cancelled,95116,45.844652734553556,9.380879295102494,45.840790112974354,9.399110227598108,2023-01-13,2023-11-10 15:11:48,2023-11-07 21:10:00,4,161,2
162,5,21,completed,85815,45.81921121478335,9.42501302382567,45.88834549151939,9.388052910605735,2023-08-25,2023-08-02 19:42:10,2023-04-16 23:42:17,1,162,1
163,5,11,cancelled,39776,45.857406703695766,9.368186780874119,45.8183906409192,9.429325266846663,2023-01-20,2023-01-19 14:02:32,2023-07-19 12:52:32,1,163,1
164,1,30,cancelled,49514,45.83102523002451,9.376539959802887,45.86861733033355,9.373740087629072,2023-11-19,2023-02-28 23:38:57,2023-09-21 10:27:33,4,164,4
165,1,24,completed,87419,45.8902070031239,9.364675331838098,45.825104603392724,9.381781553496783,2023-08-05,2023-10-18 09:59:53,2023-06-09 23:23:40,1,165,3
166,4,36,no_show,14573,45.85240991573244,9.438438313806165,45.870835841971804,9.369862268024184,2023-10-04,2023-07-23 21:57:46,2023-06-21 03:55:56,4,166,3
167,5,37,no_show,11309,45.84428550685625,9.426257262733941,45.816089085377264,9.452145306648184,2023-05-24,2023-10-01 21:26:39,2023-05-19 21:07:56,4,167,1
168,1,36,no_show,94367,45.87400972701022,9.44420980580166,45.81522942863444,9.400989645859907,2023-08-31,2023-06-01 11:57:54,2023-06-02 19:05:47,4,168,1
169,3,25,cancelled,42529,45.83622108502802,9.438769380680116,45.82441491308235,9.39613010238259,2023-02-21,2023-02-27 10:36:34,2023-07-21 12:56:16,5,169,3
170,3,13,completed,46958,45.89531569444819,9.413211686880967,45.82707324330679,9.366005280098577,2023-08-11,2023-09-06 11:36:06,2023-10-24 21:48:50,5,170,1
171,1,15,no_show,61381,45.81320124860575,9.397867739382963,45.88831400365307,9.4505885752315,2023-07-13,2023-10-10 02:11:48,2023-01-04 01:41:05,3,171,1
172,2,1,completed,72774,45.818821505887726,9.442606701592078,45.88140193829593,9.439120762220242,2022-12-11,2023-03-16 10:07:50,2023-11-07 14:23:22,1,172,1
173,5,2,no_show,64930,45.845605107479656,9.413122188143543,45.862773727284505,9.384165326312885,2023-11-28,2023-10-22 02:57:28,2023-10-02 07:37:42,1,173,4
174,1,36,no_show,41909,45.867597987648814,9.412145048292933,45.881257764625325,9.442126493721691,2023-06-07,2023-11-23 03:06:04,2023-10-02 20:08:54,4,174,3
175,5,49,completed,42787,45.81915822765321,9.45252530244535,45.82628973409577,9.438793038157895,2023-01-11,2023-10-06 09:37:50,2023-01-22 22:45:53,3,175,4
176,4,28,cancelled,52588,45.87350518271791,9.394012172492163,45.89399881851609,9.437243357570802,2023-12-01,2023-06-24 22:05:10,2023-04-30 14:15:18,2,176,2
177,4,17,cancelled,92683,45.872059243379645,9.438691017243924,45.849403386136466,9.387616429814907,2023-05-24,2023-05-14 23:07:09,2023-10-19 20:43:42,5,177,2
178,4,8,completed,61760,45.86408171813303,9.420823889278019,45.863755916197,9.38130199619894,2023-06-29,2023-03-26 03:46:10,2023-11-29 22:16:40,1,178,2
179,1,18,cancelled,77702,45.86285288934883,9.432870158894644,45.83450751331005,9.388994966419487,2023-02-03,2023-10-23 02:32:33,2023-02-13 05:14:00,3,179,2
180,3,12,completed,54924,45.85007882022271,9.411486977131863,45.85172814348019,9.432801527507465,2023-04-08,2023-04-07 08:27:42,2023-06-27 13:49:24,5,180,2
181,3,34,cancelled,62549,45.830684328899025,9.425798078671209,45.89493477212512,9.45023532405718,2023-02-05,2023-01-27 10:50:09,2023-07-06 03:44:03,4,181,3
182,3,17,cancelled,35464,45.89570999607283,9.39906434136427,45.86097932272546,9.365851486967694,2023-06-12,2023-09-10 20:09:53,2023-02-02 05:45:31,5,182,4
183,5,42,completed,34035,45.85040759453107,9.436045986639263,45.824676313422415,9.409465816367346,2023-10-19,2023-11-03 15:41:58,2023-08-20 11:25:21,1,183,4
184,3,5,completed,63907,45.88045484901109,9.4073540591496,45.85389641536969,9.442720853528607,2023-01-30,2023-05-30 17:06:08,2023-06-01 02:53:08,1,184,1
185,3,13,no_show,71702,45.814063408860406,9.44501315734351,45.89461966805563,9.372197993896517,2023-08-04,2023-05-22 22:16:46,2023-07-26 02:45:57,5,185,2
186,1,41,no_show,60833,45.87785557781716,9.433633782895653,45.8453198460601,9.442255391877506,2023-07-04,2023-05-26 15:33:35,2023-02-17 19:55:57,4,186,2
187,1,8,cancelled,94700,45.841423839781434,9.435225593504999,45.89139549203746,9.410321306881004,2023-11-08,2023-02-16 15:07:15,2023-02-23 06:25:03,3,187,3
188,2,12,no_show,54395,45.8931633597759,9.385708057833508,45.861267686975154,9.450179535180743,2023-01-22,2023-02-18 22:22:15,2023-01-22 10:08:10,4,188,3
189,3,15,no_show,23078,45.88113656619945,9.391138619962138,45.82750240238245,9.436534767280676,2023-10-25,2023-07-07 11:33:39,2023-01-03 18:55:48,1,189,1
190,2,5,cancelled,16755,45.87853442485995,9.425000667258928,45.84385779670961,9.362933632128556,2023-07-11,2023-03-21 22:38:50,2023-06-08 11:37:36,4,190,1
191,3,45,completed,88447,45.825132055436484,9.428138864885069,45.84612896418003,9.397288335008644,2023-05-18,2023-07-14 06:44:26,2023-10-17 08:32:40,2,191,4
192,5,1,no_show,62099,45.84039817969141,9.443319861068623,45.8405950690966,9.422346444822848,2022-12-27,2023-10-05 11:28:57,2023-07-17 11:58:21,2,192,2
193,3,36,no_show,28755,45.868633310758604,9.42425340702154,45.865934044584556,9.388939555621429,2023-08-26,2023-09-17 12:15:17,2023-10-22 03:18:03,5,193,1
194,5,13,completed,34887,45.87167449865544,9.41349765648462,45.83715087588972,9.42219606546029,2023-09-28,2023-03-25 16:36:41,2023-09-14 01:38:15,2,194,2
195,4,10,no_show,29828,45.85551563875747,9.428116442468712,45.863580771717885,9.42649887144841,2023-02-20,2023-11-20 22:23:03,2023-01-15 15:29:29,5,195,3
196,2,8,cancelled,11942,45.82996282731719,9.405019154220287,45.82584770884003,9.43834079776157,2023-07-28,2023-05-25 00:17:50,2023-10-31 07:38:04,3,196,4
197,5,25,cancelled,56103,45.860746429064484,9.378767708226135,45.85021093756437,9.429831349099828,2023-03-22,2023-09-26 11:55:37,2023-10-28 16:17:50,3,197,3
198,5,7,cancelled,53949,45.88214641303027,9.407714990991566,45.819455495875545,9.449992016797815,2023-05-09,2023-01-04 19:34:41,2023-11-29 06:10:32,5,198,2
199,1,13,cancelled,52270,45.87689256863955,9.4093534588712,45.85779704192138,9.372281333072216,2023-08-12,2023-06-24 20:31:28,2023-06-08 08:24:51,3,199,4
200,4,5,cancelled,49349,45.869674225105264,9.377245037139142,45.84733334236253,9.373529278697069,2023-04-22,2023-03-08 01:37:11,2023-10-21 17:19:42,4,200,2
201,4,31,cancelled,92757,45.89316786283687,9.414550866651709,45.87480217370176,9.414388484416383,2023-05-27,2023-02-03 12:25:20,2023-04-03 22:36:00,3,201,2
202,5,4,cancelled,67868,45.85777846720202,9.362734920965584,45.827211593341104,9.41602615809296,2023-06-20,2023-05-25 02:05:14,2023-08-25 12:41:37,2,202,2
203,2,15,no_show,25580,45.893868721032916,9.435941705198882,45.82034880743443,9.430172843714084,2023-03-28,2023-03-01 23:25:33,2023-11-29 23:19:20,4,203,4
204,2,48,cancelled,17547,45.89239590531745,9.40046516038712,45.85151174737896,9.397643570876179,2023-02-24,2023-05-14 07:58:19,2023-08-08 15:55:17,5,204,4
205,5,33,completed,87224,45.88289359164583,9.368240202784653,45.84355196295301,9.444030775345448,2023-10-07,2023-01-02 12:52:43,2023-04-13 18:39:06,4,205,4
206,4,18,no_show,96103,45.828720593471935,9.412515428933169,45.857974912055255,9.380767846010754,2023-09-28,2023-10-11 08:18:52,2023-05-05 10:16:57,4,206,1
207,4,20,completed,84308,45.83099368098639,9.423571349008656,45.874069033338245,9.435229843878275,2023-05-20,2023-06-16 13:39:21,2023-07-30 06:21:34,1,207,2
208,3,38,cancelled,78316,45.85836190699185,9.40253930383038,45.85905829284692,9.395650160808596,2023-09-01,2023-01-02 01:55:37,2023-05-26 03:20:27,2,208,3
209,4,23,no_show,70213,45.85184913818597,9.430634346411779,45.863359286768336,9.450855495384177,2023-05-07,2023-09-16 18:39:30,2023-10-13 06:44:05,1,209,1
210,1,37,completed,49979,45.84581838248182,9.391335588394575,45.82956565769307,9.374265178953632,2023-08-26,2023-09-26 10:00:32,2023-06-28 22:54:19,1,210,2
211,5,34,no_show,77245,45.81819439682408,9.37641220229948,45.87238530808966,9.366483430826685,2023-02-20,2023-09-23 15:49:26,2023-02-19 13:41:28,4,211,1
212,5,18,no_show,22593,45.87047286468517,9.37437628164192,45.81401654035544,9.402602092960693,2023-05-17,2023-05-07 13:26:44,2023-03-04 16:02:15,5,212,4
213,3,19,no_show,64264,45.839154033565215,9.426433968223167,45.856314166298866,9.428167194796515,2022-12-20,2023-06-05 10:37:33,2023-05-04 02:58:06,1,213,3
214,1,15,cancelled,27536,45.849948356459834,9.385770790433897,45.82155821861817,9.43334078786184,2023-07-07,2023-04-07 18:09:31,2023-01-18 23:55:30,3,214,2
215,5,22,no_show,73939,45.861384905630835,9.43256555611944,45.882727771187525,9.423138752066146,2023-03-11,2023-09-30 04:32:50,2023-07-30 14:20:29,4,215,1
216,5,9,cancelled,91864,45.89188681098668,9.446499924666893,45.824878658566504,9.426602324835114,2023-08-22,2023-01-11 21:02:05,2023-01-16 09:52:07,2,216,2
217,5,26,cancelled,37384,45.872755864941674,9.43757221232878,45.86644437433445,9.39949043084225,2023-10-30,2023-02-02 20:19:51,2023-09-08 06:25:30,1,217,1
218,1,11,cancelled,64319,45.831961848829664,9.432509872445355,45.89290524313028,9.377137484302759,2023-05-24,2023-07-26 05:23:54,2023-11-01 14:08:18,4,218,4
219,3,1,completed,26413,45.86780570156673,9.402591162862835,45.84919906156646,9.410673615652483,2023-08-11,2023-02-11 22:27:32,2023-02-03 02:09:02,4,219,1
220,2,8,no_show,80278,45.82530738235487,9.428124038861448,45.83810583442833,9.417645344218048,2023-05-12,2023-03-10 03:38:54,2023-08-22 17:36:08,4,220,4
221,1,5,cancelled,99977,45.89449428160733,9.441761086087265,45.82622255009164,9.444850961075263,2023-11-18,2023-02-15 12:06:11,2023-08-06 12:54:41,2,221,3
222,2,34,cancelled,21068,45.87938217200244,9.371081753806514,45.83872500948419,9.36334765250721,2023-08-13,2023-11-05 05:36:23,2023-05-16 07:49:40,2,222,3
223,3,22,cancelled,35441,45.840099613903504,9.44633159458361,45.89548105889998,9.37303504627184,2023-04-27,2023-11-12 22:53:49,2023-04-14 15:09:51,5,223,2
224,4,16,cancelled,56613,45.864221284157495,9.397038191245432,45.88571978856927,9.398580055099437,2023-09-13,2023-09-22 05:04:46,2023-05-05 10:22:17,1,224,1
225,1,17,cancelled,16460,45.88708602914991,9.380254207408504,45.845448461066965,9.40339206570105,2022-12-14,2023-09-08 19:16:31,2023-09-18 14:38:01,3,225,3
226,2,35,completed,32024,45.85675773665065,9.37377366606689,45.84471974540111,9.398112079570549,2023-07-14,2023-06-13 08:14:55,2023-11-22 22:30:23,4,226,2
227,4,4,completed,75316,45.82053023199348,9.443321107291304,45.85589779413197,9.39903955901126,2023-11-22,2023-01-18 00:21:03,2023-01-23 19:54:57,4,227,3
228,3,3,cancelled,83213,45.841600160054305,9.385289221351005,45.84259324962088,9.378075942632847,2023-11-09,2023-03-15 12:01:14,2023-10-01 16:05:14,5,228,3
229,4,46,completed,55709,45.8908706641736,9.372265800592347,45.88436171590654,9.420374488836412,2023-02-08,2023-08-05 08:38:10,2023-08-14 19:09:36,5,229,4
230,4,10,completed,75858,45.85062440587705,9.402511546181099,45.83713675578355,9.433731804996627,2023-06-07,2023-06-26 03:36:32,2023-10-20 04:21:11,2,230,4
231,1,39,no_show,41482,45.82882906635599,9.416168213075604,45.83028345816164,9.362443933030832,2023-03-14,2023-01-07 05:59:37,2023-05-18 10:10:00,3,231,1
232,1,33,completed,37965,45.89455668240025,9.367298321565071,45.84947410592095,9.394522178411279,2023-01-25,2023-10-18 22:23:51,2023-06-28 13:31:26,3,232,4
233,3,6,no_show,74590,45.83104757867454,9.442464181910893,45.8822097949277,9.378671662081096,2023-09-30,2023-01-11 06:28:30,2023-05-17 15:29:07,4,233,2
234,1,20,completed,88477,45.89373677644535,9.374624460042087,45.84609595192113,9.424344556494644,2023-07-21,2023-09-01 14:50:49,2023-05-27 13:11:41,2,234,1
235,2,6,no_show,16769,45.84484739089291,9.427884222339252,45.88090725117207,9.366360333294416,2023-08-30,2023-11-10 06:50:01,2023-06-08 15:07:13,1,235,2
236,2,29,no_show,49712,45.89673218409783,9.380906187469003,45.82591210084,9.446591406009581,2023-06-10,2023-06-26 12:40:46,2023-06-01 16:12:52,1,236,4
237,5,36,no_show,75286,45.86007554098541,9.399681951777207,45.88081842963387,9.448724130559174,2023-04-06,2023-12-01 00:57:35,2023-03-08 14:36:47,2,237,1
238,2,18,cancelled,73201,45.8146602930438,9.44099274714015,45.882703685835565,9.376393456189074,2023-04-30,2023-02-27 12:38:20,2023-06-14 21:24:35,3,238,3
239,2,35,cancelled,78459,45.86010624985522,9.403066418851543,45.834930566019274,9.403466236870306,2023-05-13,2023-06-04 23:58:49,2023-05-13 04:19:03,2,239,2
240,1,14,cancelled,89435,45.8823375340605,9.369925012542316,45.84406307161968,9.447726951307253,2023-01-18,2023-02-23 08:09:56,2023-04-11 12:06:46,5,240,1
241,2,24,cancelled,86460,45.84301374935274,9.441868489738146,45.8698797447566,9.430068804403515,2023-01-15,2023-02-26 13:44:48,2023-01-19 03:09:16,5,241,3
242,5,41,no_show,61556,45.81557801175528,9.398570206701251,45.845676668686956,9.36408919986589,2022-12-09,2023-05-25 16:59:24,2023-11-09 14:17:51,2,242,3
243,5,10,completed,79310,45.84575777200898,9.411510704090555,45.86161907121382,9.374080895035986,2023-10-11,2023-05-18 19:01:51,2023-03-17 11:47:45,3,243,1
244,4,15,cancelled,14693,45.84320814873335,9.403397058686117,45.870824951849485,9.398673996558866,2022-12-25,2023-11-22 17:53:58,2023-02-11 08:03:53,2,244,2
245,2,3,no_show,80497,45.89728168728362,9.446763084525596,45.84928959620528,9.44639944082276,2023-11-07,2023-11-28 13:43:36,2023-01-23 01:25:42,4,245,3
246,2,8,cancelled,73963,45.830699841935136,9.42949998612871,45.859400098666626,9.418797359281948,2023-11-13,2023-06-21 10:33:25,2023-10-08 17:23:55,5,246,3
247,2,46,no_show,58341,45.83313194489168,9.374124593599909,45.81539355431878,9.449805239596788,2023-09-27,2023-08-24 22:30:49,2023-08-13 02:24:32,5,247,1
248,5,31,completed,32859,45.87662174095548,9.449383436233486,45.84753947492535,9.371215385400054,2023-11-13,2023-07-31 15:23:08,2023-05-01 14:46:05,3,248,2
249,1,46,completed,28154,45.81783236885796,9.383049897343096,45.89646010658638,9.430249212086485,2023-09-18,2023-06-22 01:44:26,2023-07-20 21:32:36,5,249,4
250,5,5,cancelled,55061,45.84714249580097,9.4372017075288,45.89546124079884,9.445000184691404,2023-01-04,2023-02-21 20:16:16,2023-10-14 09:17:15,3,250,1
251,2,41,no_show,46493,45.83952574573221,9.388397458703365,45.82125868531425,9.386048962697695,2023-06-20,2023-08-16 08:09:00,2023-10-28 04:53:50,4,251,3
252,1,40,cancelled,21945,45.877869374005854,9.363846731261752,45.88976902617212,9.439444491039662,2023-04-05,2023-05-01 09:35:58,2023-02-04 20:15:16,4,252,4
253,4,21,no_show,92183,45.81714239152795,9.404265493144205,45.865372834132366,9.369537224270209,2023-01-31,2023-01-03 02:59:09,2023-04-14 07:58:26,4,253,2
254,5,46,no_show,20723,45.86640348879423,9.361768402330135,45.834081567775,9.416696784331979,2023-10-26,2023-03-23 14:45:09,2023-06-02 15:36:18,2,254,3
255,5,42,completed,58016,45.892968692239585,9.390206811481695,45.83828349505372,9.449568597342862,2023-03-06,2023-05-24 06:43:25,2023-07-01 12:23:51,5,255,3
256,4,6,no_show,90178,45.83279615819313,9.398712555245407,45.87488314130884,9.371080016669012,2023-05-05,2023-02-11 09:53:11,2023-02-08 05:29:19,2,256,4
257,3,29,no_show,88485,45.87436203428416,9.380407107564674,45.84778244023881,9.368240389907553,2023-11-23,2023-06-19 12:02:57,2023-05-18 19:14:30,2,257,4
258,4,11,cancelled,18118,45.83955084076883,9.384314860955978,45.864362612086474,9.362263418845334,2023-05-18,2023-11-18 12:08:06,2023-01-29 06:45:41,1,258,4
259,1,9,no_show,76280,45.81795102934483,9.364189653576648,45.84602673279416,9.372672117605612,2023-08-15,2023-02-19 06:13:02,2023-03-30 11:24:02,4,259,1
260,2,40,no_show,41712,45.8435584738014,9.416235864451647,45.87602043769536,9.368968418573276,2023-05-17,2023-08-27 22:23:59,2023-01-10 14:04:15,4,260,2
261,4,14,no_show,16815,45.8545697008798,9.405551642543339,45.854699221965795,9.400418830329825,2023-02-14,2023-06-25 13:49:58,2023-11-02 15:30:30,5,261,4
262,4,24,completed,69138,45.84378981979072,9.437305733094005,45.82345833208438,9.370937389226661,2023-10-13,2023-07-20 18:26:29,2023-07-22 22:18:44,5,262,2
263,2,19,cancelled,13795,45.88258998701977,9.398443561123186,45.8966909797727,9.365466465913968,2023-08-18,2023-07-30 23:28:57,2023-07-25 07:28:04,3,263,2
264,2,5,no_show,64172,45.81763850764007,9.368840680996696,45.86217839251584,9.403000645669191,2023-08-24,2023-06-02 11:56:00,2023-03-29 09:37:25,4,264,3
265,2,28,cancelled,93011,45.8880730337474,9.441316732411012,45.860924776682445,9.361967520680263,2023-10-26,2023-05-08 08:22:07,2023-11-17 02:03:05,1,265,1
266,3,39,no_show,40880,45.85722995069062,9.373707822997178,45.81633656711857,9.436817831535262,2023-02-20,2023-03-03 20:28:36,2023-11-12 06:58:37,1,266,2
267,2,8,completed,78223,45.825389568308694,9.44759396876171,45.81629790137035,9.429932021325882,2023-04-23,2023-02-22 21:01:21,2023-08-12 01:11:28,3,267,1
268,4,39,completed,54840,45.85428029774039,9.432511146485375,45.81585128741225,9.400061213000328,2023-03-05,2023-01-02 15:11:43,2023-01-16 21:35:35,3,268,2
269,2,39,no_show,31267,45.89131631287521,9.44061668242165,45.815804379263234,9.38019041964732,2023-08-11,2023-05-26 14:57:43,2023-03-06 21:38:37,1,269,1
270,3,34,cancelled,56739,45.877718503539754,9.406900232286597,45.878269670219936,9.365069010519246,2023-02-16,2023-09-02 22:22:40,2023-07-06 12:27:44,4,270,4
271,5,41,cancelled,29295,45.867723285287745,9.436751467559915,45.82756536528951,9.451702820099209,2023-05-11,2023-04-16 01:38:04,2023-02-22 09:24:46,5,271,2
272,2,50,cancelled,85670,45.89075287487815,9.405463825574492,45.87628699912506,9.440189070668144,2023-10-19,2023-03-19 10:28:42,2023-07-23 06:54:39,3,272,4
273,2,19,completed,95370,45.89004671806106,9.431401901887474,45.87339303189201,9.397239700877934,2023-06-08,2023-03-19 08:16:37,2023-08-27 00:17:37,1,273,4
274,4,33,no_show,19576,45.84547250920487,9.368382336765391,45.88184860153741,9.424113186302261,2023-11-13,2023-09-22 03:48:57,2023-07-18 08:12:53,5,274,4
275,4,17,cancelled,64660,45.85933713864315,9.376615087892542,45.88915090948973,9.441597648061682,2023-08-28,2023-09-25 02:02:38,2023-02-16 08:01:02,2,275,4
276,5,41,completed,28586,45.82383270934412,9.430654808926738,45.880358498714756,9.3875498259451,2022-12-12,2023-10-19 13:07:05,2023-08-26 15:50:51,4,276,2
277,5,9,cancelled,94556,45.89762806098482,9.411581020966585,45.87200722436112,9.407156918239195,2022-12-04,2023-08-13 00:53:28,2023-10-08 14:20:38,4,277,1
278,2,11,completed,58977,45.82370397155596,9.4264802198767,45.86344620244578,9.414615933093286,2023-01-11,2023-09-14 15:55:08,2023-02-10 09:07:07,1,278,3
279,4,16,no_show,84420,45.821449670246835,9.427112354069706,45.82521646668341,9.434927152689623,2023-02-03,2023-03-08 16:25:52,2023-10-18 09:51:47,2,279,3
280,4,42,cancelled,77568,45.88248772817707,9.424713978580446,45.82295574956146,9.38083564690616,2023-01-09,2023-01-03 10:43:01,2023-11-24 04:18:52,4,280,2
281,5,23,no_show,13948,45.89307695950797,9.436537365127293,45.83618087909162,9.372661632430077,2023-06-08,2023-10-10 09:41:13,2023-07-14 21:08:37,3,281,2
282,3,28,no_show,56742,45.89493245779699,9.443917695449972,45.842078103995725,9.3848449995764,2022-12-14,2023-09-03 06:10:06,2023-10-17 15:37:40,1,282,2
283,2,16,completed,87966,45.83239377518619,9.405798039210987,45.89191165422972,9.402613320441784,2023-05-11,2023-02-25 21:00:19,2023-03-29 20:35:37,5,283,4
284,3,10,completed,67096,45.8227783113932,9.42484056990833,45.8384688268436,9.40984570470721,2023-11-03,2023-04-23 16:33:17,2023-05-20 14:19:40,3,284,2
285,4,34,no_show,87587,45.84789970216445,9.447662821177135,45.82667772312436,9.399343925728784,2023-10-14,2023-06-01 04:52:25,2023-07-19 12:47:35,2,285,1
286,4,38,no_show,87551,45.828668544641715,9.386615144211069,45.820801806248284,9.36603489197896,2023-09-15,2023-10-01 02:20:07,2023-02-19 02:32:17,1,286,3
287,4,25,no_show,50869,45.86931968135255,9.447773876354534,45.871553010283925,9.367086060902414,2023-09-08,2023-06-02 13:51:02,2023-05-06 20:48:19,2,287,3
288,2,3,no_show,92546,45.84298843065034,9.410012085301576,45.85945496480518,9.415604190236536,2023-09-21,2023-10-13 07:58:43,2023-11-14 02:07:45,1,288,2
289,5,15,completed,71422,45.83163982503177,9.44022084636655,45.85934336025477,9.401727729382035,2023-11-22,2023-11-07 01:09:47,2023-03-14 08:16:18,1,289,2
290,2,4,cancelled,87978,45.81688801743329,9.39788517844221,45.82697086585812,9.440855480944062,2023-03-04,2023-04-25 12:56:57,2023-02-21 19:33:47,3,290,4
291,2,34,no_show,79560,45.82308532454169,9.397807974164206,45.88463359251217,9.398585626434487,2023-08-03,2023-06-12 02:02:42,2023-10-07 12:09:57,5,291,1
292,2,9,completed,51784,45.89426343851981,9.371820365039188,45.881065570216485,9.414280115150369,2022-12-22,2023-08-22 17:32:20,2023-07-15 11:27:42,5,292,3
293,5,28,cancelled,44767,45.846102877233555,9.41922880522344,45.8133542147265,9.362789104187778,2023-09-30,2023-04-20 07:24:29,2023-04-07 10:40:25,1,293,4
294,3,12,completed,87270,45.84816915883775,9.429678052496707,45.878340517553056,9.369092927363187,2023-11-08,2023-05-28 22:51:48,2023-03-05 06:13:48,5,294,4
295,5,8,completed,99164,45.8533004713417,9.425643150305616,45.89209598410976,9.442635122588939,2023-06-22,2023-10-14 12:54:52,2023-04-14 08:01:36,3,295,2
296,1,32,completed,73173,45.86496538169245,9.378060117842992,45.88016808750594,9.36427686921494,2023-05-30,2023-07-03 11:49:46,2023-10-23 18:07:37,5,296,2
297,3,22,no_show,35666,45.86440945720395,9.416035810854009,45.81605328387837,9.362866643133334,2023-04-28,2023-09-14 09:06:35,2023-07-19 21:51:47,4,297,3
298,5,18,completed,30739,45.886341004382096,9.432249302597505,45.842247388164985,9.402842911325816,2023-04-24,2023-05-29 06:21:08,2023-01-02 03:43:13,1,298,4
299,3,26,no_show,39816,45.87654119451282,9.419632045245747,45.852362687896104,9.392442829703896,2023-03-17,2023-03-10 15:22:03,2023-03-13 12:55:19,1,299,4
300,2,4,cancelled,17646,45.86616884093593,9.44589918989074,45.81614099544285,9.41730708051936,2023-02-26,2023-02-20 14:51:06,2023-05-18 09:49:27,2,300,1
301,1,23,completed,95323,45.881852848838456,9.443738422075384,45.833299531977524,9.418007474175006,2023-02-21,2023-11-12 22:36:10,2023-05-24 03:35:13,4,301,1
302,4,19,completed,60837,45.88246367817962,9.410642537873438,45.892952867930084,9.384351184411218,2023-09-29,2023-01-08 23:06:38,2023-04-20 01:33:25,5,302,1
303,1,21,cancelled,27162,45.839650750461644,9.4041592656835,45.81321466928022,9.427252430689325,2023-06-18,2023-01-03 12:59:31,2023-04-02 12:16:51,1,303,4
304,5,49,cancelled,36251,45.833402908864365,9.40793778873113,45.8633529016438,9.450618076633171,2023-10-08,2023-11-29 19:31:13,2023-02-19 22:20:42,1,304,2
305,2,23,completed,30617,45.87968331517079,9.417478759032132,45.84162767021666,9.373158457512814,2023-08-02,2023-06-02 09:22:19,2023-10-25 21:51:14,3,305,3
306,3,20,no_show,16331,45.85693644551366,9.423885062980986,45.828479207807995,9.42304162471769,2023-06-13,2023-03-31 07:31:28,2023-07-13 15:28:02,1,306,3
307,3,12,cancelled,71501,45.82370191962107,9.375865687713093,45.87720558405491,9.386665863764867,2023-01-29,2023-11-28 23:38:47,2023-10-22 07:19:48,5,307,1
308,5,42,completed,20765,45.87394733633789,9.381275327786849,45.82008784020703,9.39947760037025,2023-06-09,2023-06-25 21:07:25,2023-07-04 16:36:38,2,308,1
309,5,25,completed,19314,45.894003692023425,9.451622589703307,45.885993006455024,9.427730686369562,2023-11-22,2023-03-02 14:51:34,2023-08-23 01:27:46,2,309,2
310,2,46,completed,23529,45.87100058295053,9.391407683400073,45.88072058410184,9.396208068974945,2023-06-28,2023-10-30 21:21:16,2023-09-20 03:28:23,4,310,1
311,5,42,no_show,79736,45.880310124519994,9.439766435991391,45.82982984494477,9.413993702198388,2023-04-25,2023-02-24 14:29:07,2023-06-15 04:27:21,3,311,3
312,3,50,completed,91817,45.89215353912617,9.442885805792558,45.88532462815154,9.41913805347977,2023-07-31,2023-04-06 09:10:36,2023-03-04 22:31:09,5,312,3
313,1,32,cancelled,90780,45.82873422886553,9.379541214588626,45.86663334386351,9.423698060472216,2023-05-06,2023-01-24 15:22:54,2023-01-03 13:56:26,4,313,4
314,1,3,completed,37860,45.855654633793975,9.431805317065352,45.85897221629789,9.439875081693431,2023-04-10,2023-01-03 22:43:08,2023-03-24 17:32:18,1,314,2
315,1,45,no_show,31782,45.885613412599945,9.399815974511048,45.890402337064764,9.403427649880781,2023-01-27,2023-11-24 20:21:27,2023-10-16 14:29:54,2,315,4
316,1,40,no_show,90766,45.84102224826929,9.42056266260205,45.85372215018836,9.397854414937076,2023-07-10,2023-02-05 01:48:36,2023-03-05 10:40:46,4,316,1
317,4,13,completed,61578,45.893243519596254,9.403784486481472,45.82042681242102,9.417165048421564,2023-05-16,2023-10-30 18:44:29,2023-09-18 02:38:09,3,317,2
318,1,43,cancelled,39940,45.87392420142367,9.439028080243567,45.82620195702877,9.417908812469516,2023-10-25,2023-11-27 05:36:49,2023-05-04 16:36:55,4,318,1
319,4,7,completed,62387,45.884279888162425,9.400402760422345,45.877758418373546,9.36979963547758,2022-12-31,2023-07-19 02:08:10,2023-01-30 19:11:52,5,319,3
320,3,27,no_show,74922,45.89233434708618,9.366645888091195,45.855991048848054,9.409298266490076,2023-10-07,2023-02-17 17:08:11,2023-01-04 02:59:07,4,320,1
321,4,13,no_show,88815,45.82530564861743,9.44572748998901,45.892158586494084,9.443500644600677,2022-12-22,2023-03-30 08:52:15,2023-06-28 11:05:48,1,321,2
322,1,8,no_show,38352,45.888540751989964,9.407616919976716,45.84609464796159,9.3916085644724,2023-03-28,2023-10-09 12:41:08,2023-07-25 15:39:51,5,322,2
323,1,44,completed,19037,45.84753549545727,9.447232587960482,45.84493047216461,9.435542702907329,2023-03-20,2023-11-30 08:34:45,2023-05-07 21:05:58,3,323,2
324,3,1,no_show,10634,45.81407895574747,9.367264837237682,45.87669725769209,9.381865816269906,2023-03-13,2023-07-20 00:56:58,2023-01-17 11:10:34,1,324,1
325,3,13,cancelled,29137,45.866579642652646,9.399511416106618,45.89716808522087,9.390872517324794,2023-05-02,2023-07-01 15:17:12,2023-04-04 06:56:29,5,325,2
326,5,44,cancelled,33096,45.88666502902477,9.407811172552556,45.86927882758409,9.411025500071123,2023-10-03,2023-06-10 13:57:18,2023-03-27 20:58:32,5,326,4
327,2,40,cancelled,99636,45.884982121385264,9.41953908869241,45.87597266739322,9.369308048631794,2023-09-08,2023-03-28 05:40:05,2023-10-04 17:58:15,5,327,1
328,1,1,no_show,28838,45.83135296522168,9.369322353699054,45.896706894121,9.365459039380974,2023-10-29,2023-07-02 21:24:37,2023-04-30 16:46:00,2,328,2
329,2,41,cancelled,54957,45.89409872791192,9.41022600037278,45.82113924150853,9.415275684465179,2023-05-07,2023-03-23 07:22:04,2023-08-14 11:30:18,4,329,2
330,1,10,cancelled,82575,45.83560709770501,9.431864787571923,45.81628045380825,9.401996825019367,2023-03-07,2023-09-09 23:30:05,2023-10-22 09:46:58,1,330,2
331,3,14,cancelled,63556,45.83251944355683,9.385881350496222,45.87258451551047,9.375873965624509,2023-08-18,2023-07-05 11:29:09,2023-01-30 02:24:09,5,331,2
332,3,22,completed,15043,45.85589730136083,9.442115617762816,45.88578420981314,9.363107480683663,2022-12-16,2023-10-04 07:41:57,2023-08-03 01:25:17,3,332,4
333,2,26,no_show,18531,45.82723106971255,9.436404570939585,45.8742112101902,9.411323025466544,2023-12-03,2023-03-26 18:31:45,2023-06-23 13:19:00,3,333,3
334,4,13,no_show,20288,45.84596117644135,9.380644545739909,45.85736719494036,9.43382656156132,2023-10-17,2023-06-10 07:36:38,2023-05-01 06:20:48,5,334,3
335,4,24,no_show,41530,45.881813363832215,9.452618705857326,45.84349385688767,9.439048153557378,2023-10-23,2023-02-03 16:34:56,2023-02-05 15:21:43,1,335,2
336,3,34,completed,87806,45.89164017646237,9.425683797853878,45.852425780846026,9.42065074451374,2023-04-04,2023-08-23 05:37:00,2023-11-07 15:50:03,5,336,1
337,4,41,no_show,49785,45.868238303174856,9.434638832984426,45.84198860118294,9.400243152352342,2022-12-30,2023-06-10 20:20:43,2023-09-28 15:14:07,5,337,2
338,4,30,completed,20862,45.85346621502194,9.372210958966674,45.8336321438291,9.402084082638295,2023-08-24,2023-10-05 12:26:00,2023-07-25 00:02:41,1,338,1
339,2,45,cancelled,80173,45.876920023873154,9.390126275071005,45.85832482454454,9.409942839381472,2023-04-07,2023-11-02 13:07:39,2023-10-11 22:52:04,4,339,3
340,3,11,completed,39037,45.82552613800993,9.371641719242062,45.8652826973339,9.393574606118655,2023-11-09,2023-09-15 22:31:56,2023-03-03 21:43:10,2,340,2
341,3,8,cancelled,83851,45.89763357476884,9.451741809590596,45.867715053768094,9.366481370576059,2023-08-24,2023-09-30 09:16:16,2023-04-06 20:02:18,5,341,4
342,5,4,cancelled,59116,45.86107858384623,9.452528420097721,45.82738238193313,9.427724571759493,2023-02-11,2023-01-24 13:42:46,2023-05-10 21:56:05,5,342,2
343,1,8,no_show,50680,45.85465164091609,9.404704009447887,45.86031306480441,9.452072682716102,2022-12-18,2023-08-20 19:09:57,2023-03-01 02:47:23,1,343,1
344,2,49,cancelled,74701,45.887731776337446,9.41815793145879,45.84910103197925,9.432670732407233,2023-07-20,2023-11-06 01:06:04,2023-06-26 03:04:35,5,344,1
345,1,35,cancelled,90192,45.852113969658404,9.414241843236345,45.8758785755273,9.423819156394712,2023-06-11,2023-07-03 13:36:14,2023-07-22 20:14:56,4,345,1
346,5,33,cancelled,40445,45.87918867978409,9.395389752366993,45.87112259240832,9.391397046878502,2023-04-19,2023-11-19 13:29:35,2023-11-07 21:36:41,1,346,2
347,3,31,completed,57939,45.84239123072995,9.377737983590078,45.8304835237313,9.439431630391125,2023-03-28,2023-05-13 22:42:58,2023-05-01 15:35:42,2,347,1
348,4,40,completed,83256,45.86685979824002,9.391300126485335,45.87524944873873,9.365457200878168,2023-11-09,2023-07-18 02:02:03,2023-05-14 10:48:59,1,348,1
349,4,31,cancelled,86352,45.827282133534965,9.38844437004986,45.853048142015155,9.426944853702807,2023-03-11,2023-10-26 13:48:01,2023-05-04 16:12:21,4,349,2
350,2,37,cancelled,44578,45.88359710645753,9.415097504856906,45.89579179243484,9.376552792578057,2023-04-29,2023-11-29 21:05:41,2023-03-16 13:10:54,4,350,1
351,2,43,completed,62844,45.831747288385756,9.430494166499296,45.832060528836884,9.387387654294393,2023-11-05,2023-01-29 19:41:27,2023-07-27 16:44:30,5,351,2
352,1,28,completed,72937,45.89075513576154,9.421898574368937,45.82425603869095,9.366342518380504,2023-06-22,2023-02-26 20:12:29,2023-09-13 08:42:44,4,352,2
353,4,48,completed,59994,45.87970548189934,9.431980085489423,45.83907328351343,9.366593355234793,2023-09-08,2023-09-12 23:54:21,2023-04-04 16:21:21,1,353,4
354,2,43,completed,64068,45.84496227463404,9.395282399579724,45.86162867414847,9.385185324819943,2023-05-11,2023-05-18 19:51:27,2023-08-28 10:04:19,3,354,1
355,1,31,no_show,42080,45.85217785768049,9.394028557424404,45.84733152273568,9.452445863696413,2023-09-21,2023-06-12 11:06:48,2023-10-06 05:52:05,4,355,2
356,4,29,cancelled,92491,45.85264734868382,9.421616774712682,45.823681993408464,9.37770315879372,2023-03-05,2023-03-26 14:02:38,2023-04-30 03:14:22,3,356,1
357,2,40,completed,89538,45.836649494141476,9.402753112649387,45.82154562959254,9.375190072883962,2023-04-06,2023-07-07 12:39:39,2023-01-08 03:21:29,5,357,1
358,1,17,completed,87758,45.859051718220336,9.398535575294474,45.85634973403394,9.398870234132966,2023-06-26,2023-06-21 08:46:19,2023-07-13 04:17:40,2,358,4
359,2,27,no_show,72738,45.81971069960095,9.387063540338767,45.859784932324445,9.433444729793678,2023-08-24,2023-09-28 17:11:03,2023-07-02 17:36:45,2,359,3
360,2,16,completed,56403,45.8478379502208,9.434946108295593,45.82873637075877,9.41619173552595,2023-02-01,2023-08-19 04:18:54,2023-10-17 21:14:48,3,360,3
361,4,29,no_show,49261,45.82741064079515,9.367255157605292,45.85525565040928,9.408726234626098,2023-06-03,2023-07-10 07:06:48,2023-02-26 11:38:06,3,361,1
362,5,44,cancelled,45732,45.89476151189986,9.369600392672135,45.8760966616453,9.410848233266945,2023-04-07,2023-08-04 00:23:07,2023-04-16 04:37:04,3,362,1
363,5,25,no_show,12589,45.822147468258486,9.401063522504563,45.83938749710981,9.425942606116442,2023-05-23,2023-06-03 04:19:37,2023-09-16 00:36:02,1,363,3
364,2,7,completed,77913,45.83935646736004,9.428149371275339,45.82113553090741,9.370567960609863,2022-12-29,2023-08-13 12:02:38,2023-07-15 14:59:44,4,364,4
365,5,33,no_show,43377,45.87925724908936,9.436098107770345,45.897429829456506,9.389455267542614,2023-03-04,2023-03-20 12:37:07,2023-10-09 14:21:25,5,365,2
366,1,50,no_show,74743,45.86707404372061,9.382453958026863,45.88782710247748,9.39226160812476,2023-08-10,2023-03-29 14:19:18,2023-02-03 00:32:07,1,366,4
367,2,25,no_show,62267,45.83066896506845,9.416996515276733,45.84792011597198,9.444455450604558,2023-03-14,2023-07-17 16:17:56,2023-08-26 03:22:13,3,367,2
368,1,43,completed,12987,45.8356015273765,9.364824369252695,45.85458397085238,9.414337434581427,2023-08-23,2023-02-05 06:53:56,2023-05-08 19:59:50,5,368,3
369,5,48,completed,81691,45.81979033522646,9.41339960655113,45.8312778820126,9.401255751907087,2023-08-03,2023-08-21 11:22:32,2023-03-29 11:13:54,4,369,1
370,2,27,cancelled,68944,45.819139390131134,9.397458483041468,45.87007601700223,9.42969368047903,2023-08-21,2023-08-22 18:12:24,2023-02-13 12:23:06,4,370,2
371,5,1,completed,22225,45.852384095930994,9.44114208250602,45.83742727831572,9.372112911825054,2023-08-12,2023-10-02 11:57:54,2023-09-22 14:36:09,1,371,3
372,3,5,cancelled,42302,45.84096090442231,9.401081772828437,45.856006460236635,9.363505188522662,2023-10-03,2023-06-01 06:01:10,2023-11-14 21:48:26,2,372,2
373,2,24,cancelled,57813,45.888763518634455,9.388144158010638,45.84840419804731,9.398958179224811,2023-01-18,2023-02-13 06:16:35,2023-01-09 12:50:00,4,373,1
374,4,3,completed,50586,45.87835088032063,9.377918605528965,45.87710378348323,9.450898529175042,2023-04-11,2023-10-16 08:01:05,2023-03-19 07:06:04,2,374,4
375,2,3,completed,63692,45.82365952724266,9.376947171131505,45.89814510965446,9.430619781400877,2023-02-04,2023-11-23 23:21:48,2023-03-12 03:58:48,2,375,2
376,4,1,cancelled,42726,45.894964086341545,9.374719244511413,45.873543045812525,9.413605164392559,2023-09-10,2023-07-27 22:55:51,2023-03-02 02:36:26,2,376,2
377,4,18,cancelled,58912,45.88284211369644,9.44187597053344,45.83367902484191,9.411291046039324,2023-06-01,2023-06-15 07:45:48,2023-04-02 01:53:07,4,377,4
378,3,38,completed,85407,45.829286407890535,9.408464266122289,45.87343516361365,9.370343392891233,2023-04-25,2023-04-02 10:11:00,2023-01-06 05:01:00,2,378,3
379,3,13,cancelled,48450,45.81493705022691,9.436243593067218,45.858214929382804,9.389182430387459,2023-03-20,2023-07-08 20:45:25,2023-08-19 11:18:21,5,379,4
380,1,15,completed,51083,45.885535962139166,9.402695035368048,45.81825259740087,9.45253092755839,2023-06-11,2023-02-02 21:01:59,2023-04-24 10:56:28,2,380,3
381,1,6,cancelled,11956,45.89366263139742,9.378150867822129,45.8300079270993,9.390743066672647,2023-07-04,2023-08-24 01:38:44,2023-10-19 22:31:16,4,381,3
382,1,47,no_show,11743,45.858771142902754,9.438767645941432,45.881423181512815,9.428988005691592,2023-08-14,2023-08-07 03:39:40,2023-05-22 05:28:50,3,382,1
383,5,40,completed,56144,45.82657598369393,9.408219125448218,45.825281116840834,9.428643724768559,2023-08-13,2023-10-04 04:48:19,2023-06-20 00:29:51,3,383,3
384,2,24,no_show,75001,45.846278579643204,9.373712030189292,45.864779802609604,9.38537616501575,2023-08-04,2023-09-01 13:05:56,2023-04-08 14:38:18,1,384,1
385,2,29,no_show,28634,45.8421793270392,9.40861394475862,45.87026343317025,9.39193167219058,2023-05-17,2023-09-10 12:40:43,2023-09-19 13:15:24,1,385,1
386,2,22,no_show,53352,45.88767107073532,9.387159810137353,45.8160025956549,9.38569479689922,2023-06-09,2023-09-29 12:49:49,2023-11-24 17:11:28,5,386,3
387,1,6,no_show,62461,45.84465257018928,9.43200174254393,45.865250020863016,9.3790200950413,2023-08-14,2023-07-29 00:07:13,2023-10-17 05:57:55,5,387,3
388,5,11,no_show,71259,45.86966822970935,9.418967820186925,45.876364523600905,9.41124143739156,2023-04-06,2023-04-04 18:38:47,2023-11-18 14:55:21,1,388,2
389,2,19,cancelled,22407,45.88951944589142,9.414716880971106,45.882151489742654,9.39097054664405,2023-11-28,2023-05-27 00:56:17,2023-08-07 21:54:38,3,389,1
390,4,20,completed,52084,45.88647679008415,9.3864384928679,45.892439080877445,9.427092299177842,2022-12-21,2023-07-16 03:13:32,2023-03-28 20:27:27,1,390,2
391,5,30,no_show,36162,45.86235024058587,9.409571553644263,45.873461324803166,9.396040988623529,2023-05-22,2023-01-23 22:17:14,2023-02-16 20:35:15,4,391,3
392,3,22,cancelled,78325,45.838311259254034,9.36450425497645,45.83007298282272,9.363301287690442,2023-02-24,2023-09-22 21:59:05,2023-01-08 22:21:11,1,392,4
393,2,5,no_show,13243,45.835068505799434,9.416825863159136,45.88848321345555,9.367264489699503,2023-07-27,2023-08-18 10:41:02,2023-07-01 09:06:59,1,393,4
394,2,49,cancelled,77310,45.87261130196543,9.41050312909296,45.83853614759976,9.443166153031665,2023-08-25,2023-01-17 00:23:17,2023-10-19 01:38:40,5,394,3
395,2,29,cancelled,12005,45.82809056759978,9.424671817447232,45.81695918854453,9.38878928259294,2023-01-08,2023-10-22 14:43:38,2023-10-18 10:43:45,4,395,1
396,3,32,no_show,72373,45.834274267622426,9.434442095163527,45.88762423464499,9.446014212500218,2023-03-05,2023-05-04 09:25:35,2023-01-13 17:27:10,2,396,1
397,3,50,no_show,81168,45.86705997246001,9.38659189879519,45.868803876830746,9.449174444918338,2023-04-01,2023-02-13 06:08:34,2023-02-22 14:38:40,2,397,1
398,5,21,cancelled,35352,45.89359496415144,9.437802052379785,45.84633836794533,9.444132180255556,2022-12-20,2023-09-26 17:21:17,2023-03-05 04:56:35,1,398,1
399,5,34,completed,50693,45.83774939272463,9.401703413427311,45.859365690120526,9.390446585304703,2023-03-22,2023-06-20 21:17:31,2023-05-01 11:59:53,3,399,3
400,4,20,no_show,60653,45.85344895200812,9.39420775571259,45.85674106199328,9.430563989492867,2023-05-11,2023-11-26 11:05:05,2023-02-07 02:53:15,3,400,4
401,1,18,cancelled,69160,45.82195424919439,9.418081692784952,45.87165094800946,9.410700732744925,2023-01-31,2023-06-06 13:53:29,2023-05-19 00:15:17,1,401,1
402,1,28,completed,30023,45.8363315512977,9.408501081938969,45.87388983738167,9.394373724568231,2023-02-24,2023-02-05 13:46:16,2023-04-03 09:20:04,5,402,2
403,2,23,no_show,23469,45.878300723844276,9.446036087546382,45.84293286178049,9.424352505581721,2022-12-17,2023-10-30 04:42:00,2023-02-03 19:42:18,4,403,4
404,1,18,completed,93871,45.8933096047221,9.415150878472527,45.897732122055736,9.41740779713509,2023-05-04,2023-02-25 15:09:58,2023-06-04 08:28:54,5,404,4
405,4,2,no_show,47678,45.858342871749734,9.429738580912371,45.857111813324565,9.390043294527862,2023-11-14,2023-03-21 05:06:19,2023-06-17 22:37:22,5,405,1
406,5,5,completed,53520,45.870138408482234,9.370310400440932,45.83769698700307,9.39307751786764,2023-09-20,2023-11-25 17:09:04,2023-08-26 06:33:12,1,406,2
407,4,1,no_show,99497,45.834330685396914,9.416301007542298,45.89719841162955,9.398933414334286,2023-09-25,2023-02-13 11:42:50,2023-11-29 23:45:42,1,407,1
408,3,47,completed,23470,45.87689298049754,9.442641285410902,45.853151721623576,9.406541231971486,2023-03-08,2023-07-12 20:41:32,2023-05-08 08:00:19,3,408,1
409,3,23,no_show,32510,45.8681887036912,9.424887540440643,45.83983495919195,9.451991072769639,2023-05-02,2023-03-04 19:44:29,2023-05-15 05:24:58,2,409,4
410,1,14,no_show,73142,45.85953095533419,9.398277046916443,45.87359922560519,9.379536758274394,2023-10-11,2023-01-18 23:32:32,2023-06-27 22:19:38,1,410,2
411,5,40,cancelled,35482,45.85692012209729,9.36447068382355,45.87958177141353,9.419692163184212,2023-05-15,2023-03-02 04:14:06,2023-06-01 05:26:26,3,411,4
412,5,45,completed,75141,45.85467550636475,9.417162178740757,45.883300575466805,9.382892350681118,2023-10-12,2023-07-11 04:27:08,2023-11-05 09:08:11,3,412,1
413,1,9,completed,17821,45.88067788755779,9.368108871005516,45.88388633116819,9.428329728506737,2023-10-11,2023-03-12 03:25:17,2023-04-03 00:40:59,4,413,4
414,5,40,no_show,49871,45.82926446319776,9.387633601883147,45.86445437885139,9.410845063398986,2022-12-29,2023-06-19 18:57:36,2023-03-12 03:41:38,5,414,3
415,2,45,completed,55881,45.84114159040897,9.394057214105684,45.843729098554675,9.448783324264912,2023-02-11,2023-08-25 12:49:11,2023-10-23 03:06:10,4,415,2
416,1,47,cancelled,11490,45.81778754813369,9.422649251901396,45.86885421786882,9.444385261556652,2023-10-23,2023-10-18 23:47:46,2023-05-24 12:27:50,3,416,3
417,3,11,no_show,78688,45.828423570290006,9.417281928626467,45.86420157612921,9.38710374620666,2023-10-08,2023-02-27 12:19:09,2023-08-13 04:42:51,2,417,1
418,4,33,cancelled,35872,45.87155007618382,9.372635322813302,45.871607031717836,9.448817106405206,2023-04-25,2023-09-21 12:29:27,2023-01-05 23:21:15,4,418,2
419,2,23,completed,24266,45.88991420554729,9.400990165783655,45.88046186171297,9.415599390688735,2023-09-17,2023-12-04 16:47:02,2023-04-05 22:22:43,3,419,2
420,1,48,no_show,85078,45.81468796239248,9.436370948339881,45.81672267079204,9.441139695262043,2023-10-25,2023-07-03 23:31:12,2023-03-21 12:58:59,3,420,4
421,5,33,completed,12760,45.81532913277641,9.399721952443565,45.88180188840061,9.440971690970207,2023-09-18,2023-08-16 22:42:04,2023-08-26 21:28:15,4,421,4
422,2,44,completed,64771,45.82029226678003,9.45156748327001,45.82531708185475,9.386843518757837,2023-01-12,2023-01-21 17:22:13,2023-10-16 08:04:30,5,422,1
423,1,19,cancelled,26604,45.866333490015194,9.418661727560465,45.8746706899767,9.369242014466368,2023-04-24,2023-09-30 02:58:43,2023-10-26 14:42:11,4,423,2
424,5,27,no_show,44315,45.89028389209816,9.404830636164174,45.89368560007392,9.369498799973437,2023-06-29,2023-07-12 14:56:04,2023-01-20 15:17:08,4,424,4
425,3,5,cancelled,32110,45.89322484704016,9.411864898850917,45.84060700204728,9.373789709303756,2023-03-02,2023-06-28 07:45:39,2023-06-17 07:25:41,5,425,4
426,2,21,completed,24456,45.87894940528102,9.377525685346052,45.83221996224626,9.42198478283693,2023-02-26,2023-02-16 21:16:49,2023-07-08 23:04:17,4,426,4
427,3,21,completed,64042,45.89523443943492,9.451100720992205,45.83148480476004,9.425067857441963,2023-03-26,2023-09-21 13:33:28,2023-02-02 22:46:31,5,427,2
428,4,15,completed,33346,45.815928461993416,9.40162058145647,45.82037063219607,9.380978639639391,2022-12-17,2023-09-16 04:00:42,2023-03-20 23:39:23,5,428,2
429,4,10,completed,85186,45.824958308930896,9.425391339909025,45.87688356520688,9.44602762898685,2023-09-07,2023-06-25 00:53:05,2023-09-16 04:26:41,5,429,1
430,3,27,completed,72750,45.845519151974635,9.373687544511496,45.846067775732365,9.430492418909362,2023-07-06,2023-04-07 21:19:23,2023-01-30 04:27:55,2,430,3
431,2,9,cancelled,70867,45.854029712484255,9.377891307668285,45.83161166177406,9.450214863918388,2023-06-27,2023-08-12 20:46:21,2023-07-15 20:30:09,5,431,1
432,3,48,completed,47871,45.88924774694198,9.4011859924751,45.82581055295927,9.390219293839946,2023-08-14,2023-03-12 07:12:51,2023-04-20 04:07:41,5,432,2
433,2,38,no_show,65101,45.890358364204516,9.39036638152812,45.84784400941635,9.365933773059925,2022-12-13,2023-04-16 21:24:35,2023-05-15 20:18:59,5,433,1
434,1,9,cancelled,45616,45.88757127374035,9.417838481515266,45.85220589976408,9.37255606975958,2023-10-20,2023-11-06 00:05:39,2023-04-22 09:47:37,4,434,3
435,1,31,completed,58423,45.83356569712827,9.385715491076136,45.836600978512315,9.419015035774821,2022-12-10,2023-11-30 19:34:37,2023-10-14 08:36:32,3,435,4
436,5,6,cancelled,53084,45.813502842218746,9.421933797481733,45.86233247364818,9.41571305343237,2023-11-08,2023-09-10 05:14:12,2023-05-25 05:37:58,3,436,3
437,2,37,completed,12586,45.87352669558113,9.411705739581285,45.875271758430195,9.388380538524107,2023-03-17,2023-11-08 08:03:44,2023-02-03 16:23:25,2,437,3
438,4,7,completed,78366,45.854597137614334,9.447464835912633,45.823387400385556,9.38808578498473,2022-12-08,2023-08-06 12:51:32,2023-07-14 22:31:04,4,438,3
439,5,14,completed,33953,45.85217546951219,9.44825641872121,45.86927752482491,9.42789988131283,2023-08-06,2023-10-19 06:03:19,2023-04-25 19:00:26,5,439,2
440,4,37,no_show,46402,45.82614923811156,9.440526407244068,45.871353525628784,9.41248760980798,2023-02-22,2023-04-07 02:52:54,2023-11-02 01:52:20,1,440,4
441,4,32,completed,22331,45.89235043145849,9.373790360389542,45.896839752558506,9.419996122087174,2023-05-19,2023-02-21 05:53:14,2023-11-11 01:22:51,2,441,2
442,3,48,completed,65464,45.82261994317079,9.385532753866897,45.87851706512467,9.366467638854195,2023-02-09,2023-08-29 04:48:20,2023-07-18 20:36:34,1,442,1
443,4,34,cancelled,73050,45.882848017399056,9.365247862336705,45.894648560831506,9.38440350239858,2023-06-20,2023-01-31 23:18:34,2023-11-29 08:10:52,2,443,2
444,4,30,no_show,24587,45.88158644373847,9.433436768293333,45.83838388795456,9.41872485574814,2023-04-30,2023-06-05 09:05:04,2023-02-08 13:56:47,3,444,3
445,4,33,completed,25604,45.81511427227368,9.400842180532615,45.88531435741705,9.40813890861439,2023-04-01,2023-09-17 04:26:19,2023-01-02 11:45:17,1,445,1
446,2,41,no_show,56739,45.84269067723099,9.40477931247741,45.85749973770171,9.368515851221508,2023-11-27,2023-09-07 20:02:55,2023-08-27 03:29:48,1,446,2
447,5,4,completed,73599,45.88966784189806,9.420195518432024,45.83463518532451,9.382015969336338,2023-10-01,2023-05-29 17:08:06,2023-11-14 13:01:08,2,447,4
448,3,22,cancelled,82043,45.86432257628914,9.431110131978787,45.89620014101557,9.375582189496145,2023-03-30,2023-01-15 20:59:10,2023-02-03 01:39:44,1,448,4
449,2,23,no_show,93441,45.84478902486777,9.424116920584622,45.82864075048773,9.419997449352026,2023-07-28,2023-09-26 05:21:54,2023-05-12 11:57:10,3,449,3
450,1,28,no_show,86198,45.85801497807592,9.428533231382762,45.894028970900784,9.426075917505068,2023-04-30,2023-02-06 05:51:09,2023-02-25 05:32:09,2,450,1
451,1,2,cancelled,88121,45.86702807101818,9.392950455306043,45.85381292641433,9.40112716478661,2023-07-23,2023-03-21 17:48:03,2023-07-15 15:53:03,2,451,3
452,2,16,no_show,75617,45.86754100094724,9.427605152199073,45.87445896025173,9.412774180954894,2023-06-21,2023-02-21 03:57:21,2023-06-30 19:54:51,2,452,3
453,1,27,completed,55089,45.86393581155638,9.390477045864722,45.86374885785377,9.431310584237252,2023-01-21,2023-10-06 20:47:29,2023-10-01 13:40:10,4,453,1
454,2,35,completed,92864,45.844387279465174,9.440677061734537,45.8172239591095,9.447616999434214,2023-03-19,2023-05-01 12:55:27,2023-07-14 05:12:00,2,454,3
455,3,12,cancelled,58303,45.86441519536568,9.388665688590448,45.888682329241696,9.379705065614186,2023-06-16,2023-04-18 03:30:39,2023-10-24 12:18:10,3,455,1
456,5,14,no_show,56029,45.8279263542777,9.403454204812247,45.86501230732802,9.379665812959482,2023-10-01,2023-09-20 07:47:20,2023-04-10 20:24:55,4,456,1
457,5,40,cancelled,33103,45.826594588157526,9.417057514504172,45.86751330057521,9.364178604906202,2023-03-03,2023-01-26 21:39:52,2023-01-04 19:48:46,5,457,4
458,2,47,completed,97304,45.873179618531466,9.428178845020316,45.81385073940303,9.368955369011589,2023-03-02,2023-05-25 04:42:17,2023-01-20 01:26:11,4,458,1
459,2,24,no_show,52569,45.85379461421346,9.400719672175274,45.8721291897675,9.443450727532822,2023-01-12,2023-04-08 15:37:46,2023-07-06 08:36:06,2,459,1
460,5,12,completed,41362,45.88697608251032,9.438147285778694,45.863888644174374,9.364216169707664,2022-12-15,2023-04-18 11:15:26,2023-03-12 21:35:18,4,460,1
461,3,1,cancelled,40692,45.85496868048858,9.37738972906115,45.82224559385417,9.365891316160864,2022-12-08,2023-02-04 01:14:54,2023-08-12 08:35:31,2,461,2
462,1,45,cancelled,84864,45.841829552399716,9.398419178968846,45.85952200948276,9.363049458507861,2023-04-23,2023-01-14 13:59:24,2023-10-10 07:37:50,2,462,1
463,5,33,cancelled,91119,45.83022701538157,9.387585780209864,45.84302315425619,9.417461395707937,2023-04-08,2023-02-13 12:37:55,2023-10-22 07:11:30,4,463,4
464,2,29,no_show,65895,45.859208192319635,9.446433571442743,45.84222348036115,9.362787027363563,2023-11-16,2023-04-28 08:33:33,2023-07-21 21:36:14,1,464,2
465,1,13,cancelled,24500,45.85537795393786,9.423526210764727,45.8760402922066,9.393037932235918,2022-12-09,2023-05-20 10:22:18,2023-01-12 07:06:50,3,465,3
466,4,30,completed,81895,45.8408953413014,9.434384751655964,45.886502284716826,9.411297538344947,2023-09-16,2023-05-12 12:09:58,2023-11-02 00:23:09,1,466,4
467,5,43,no_show,28322,45.89234830968477,9.43911270551347,45.838175589318965,9.365986555266739,2023-02-16,2023-10-08 13:41:42,2023-01-01 04:19:39,1,467,1
468,1,46,completed,55725,45.865867553787695,9.407233837776303,45.84626532408121,9.448569538086183,2023-05-15,2023-10-08 16:08:04,2023-09-07 15:28:25,1,468,1
469,5,26,no_show,50002,45.89061878344513,9.448668021323286,45.85527862919394,9.409949177885276,2023-03-25,2023-03-11 11:50:56,2023-05-05 00:15:44,4,469,2
470,3,15,completed,31913,45.85593417210544,9.366428654514836,45.86813663089372,9.383611360712782,2023-12-01,2023-08-24 02:18:16,2023-09-28 07:55:02,3,470,4
471,3,13,completed,14016,45.873669299953214,9.377210407858225,45.89460223560529,9.365245373066848,2023-07-26,2023-10-13 19:16:41,2023-01-04 11:06:05,1,471,2
472,1,50,cancelled,83855,45.844899561642286,9.374228489864487,45.83702013915764,9.444490275534339,2023-10-08,2023-09-12 20:13:32,2023-03-14 09:23:45,1,472,3
473,1,16,no_show,28196,45.86711299300089,9.446082136104609,45.87467393929933,9.39710656359708,2023-07-07,2023-04-26 22:56:11,2023-04-12 06:18:16,4,473,1
474,4,42,completed,64709,45.84440313377212,9.406215413976229,45.89719006839034,9.417955918731282,2023-01-07,2023-02-16 06:33:59,2023-07-11 00:03:30,2,474,1
475,1,4,cancelled,60238,45.82469227175677,9.415448417300656,45.85517633567077,9.422057366272353,2023-04-15,2023-04-08 08:13:19,2023-09-01 16:24:31,2,475,2
476,1,39,cancelled,22019,45.86551682382412,9.443681116038947,45.86903184989123,9.416436277331803,2023-07-15,2023-04-22 14:18:33,2023-07-23 00:28:37,5,476,1
477,5,24,completed,12011,45.81952601953748,9.401904811729096,45.87795832173451,9.418107892980911,2023-03-12,2023-05-23 17:11:39,2023-02-02 08:37:56,1,477,1
478,2,4,no_show,73201,45.836272191690554,9.44115558943073,45.81478659994586,9.410697573455433,2023-07-22,2023-07-25 02:49:29,2023-08-23 02:20:14,2,478,1
479,1,41,completed,58498,45.83062881374995,9.428794153391626,45.89715676261675,9.403619516474533,2023-03-07,2023-04-25 18:40:33,2023-05-04 21:05:23,4,479,3
480,3,32,cancelled,50350,45.82436209248018,9.367247336696103,45.89636008781186,9.441839232439545,2023-08-08,2023-04-27 12:02:05,2023-09-24 09:02:58,3,480,1
481,1,44,cancelled,97306,45.84581295772784,9.400230762875777,45.83810997301415,9.44364513333132,2023-11-30,2023-10-26 21:43:37,2023-11-26 01:07:54,2,481,2
482,3,32,no_show,23196,45.87767168942999,9.432157036612205,45.8206201299031,9.438128150021623,2023-08-28,2023-02-26 07:54:25,2023-11-26 16:36:07,1,482,3
483,5,22,no_show,76233,45.851175641924414,9.432110615799578,45.887809231894344,9.38278847361487,2023-05-18,2023-08-28 12:54:40,2023-02-03 19:36:13,4,483,3
484,1,6,cancelled,66199,45.85094897828713,9.395693762553218,45.888399507882475,9.441766330941187,2023-08-08,2023-03-30 05:33:50,2023-10-13 16:52:02,1,484,3
485,2,6,completed,93824,45.88649247453904,9.407158226209802,45.851249266769415,9.404504374265512,2023-09-05,2023-03-26 12:00:31,2023-08-08 17:43:05,3,485,4
486,1,38,no_show,52391,45.88499511055045,9.416146665055471,45.838361347120305,9.403741767862268,2023-08-08,2023-04-06 14:48:04,2023-03-30 10:24:55,2,486,3
487,1,36,completed,77069,45.81613856876096,9.44063173214269,45.846827913092845,9.397225630630171,2023-09-12,2023-05-29 15:55:06,2023-02-10 02:52:29,3,487,4
488,4,3,completed,68573,45.888496224003894,9.447581637033398,45.854023156783676,9.39024070761986,2023-08-05,2023-07-25 18:40:09,2023-02-11 17:30:13,4,488,2
489,2,19,no_show,75285,45.87023946707304,9.435378069139357,45.84438655258294,9.379649486050505,2023-04-12,2023-01-13 04:01:29,2023-03-22 15:42:48,2,489,1
490,4,39,no_show,65490,45.820913755841325,9.37643600488138,45.82717084527724,9.391572606601898,2023-09-12,2023-12-04 20:06:14,2023-01-01 09:30:30,4,490,3
491,3,5,completed,66095,45.889274627276926,9.444831820992412,45.8433345545988,9.444333917349148,2023-08-22,2023-11-14 04:48:01,2023-02-16 19:36:44,5,491,4
492,1,31,completed,99638,45.82921133016792,9.419972270288063,45.858965839180854,9.437352131837827,2023-11-11,2023-03-23 15:50:57,2023-11-01 04:06:09,3,492,1
493,1,40,no_show,70425,45.835914432035715,9.382310268652116,45.89651478486134,9.37672195046105,2023-09-08,2023-10-01 08:44:19,2023-08-08 16:54:12,1,493,3
494,4,7,cancelled,76154,45.83144639607345,9.393628640294569,45.88171450811729,9.388354430596587,2023-09-02,2023-06-01 17:35:05,2023-05-19 01:16:53,4,494,3
495,3,3,cancelled,95295,45.815846424371145,9.369312476173544,45.82880468206106,9.363242918206298,2023-02-03,2023-09-30 05:18:35,2023-11-18 03:24:59,4,495,2
496,3,35,no_show,96024,45.84697570312322,9.414844708518373,45.89089336787308,9.396693381912595,2023-07-10,2023-08-27 18:54:08,2023-08-10 19:42:48,3,496,4
497,2,44,completed,76339,45.88658353434368,9.426431917589595,45.893900712580425,9.407884076405367,2023-08-14,2023-04-13 15:26:39,2023-05-23 04:04:01,1,497,3
498,2,37,no_show,98466,45.84257334898002,9.426075666382271,45.846558243710376,9.432420159790624,2023-10-01,2023-07-20 05:43:16,2023-03-11 22:50:15,4,498,3
499,5,19,no_show,32815,45.829053968588155,9.38464937193204,45.84038127353645,9.447618571639056,2023-07-24,2023-02-19 06:14:50,2023-06-09 12:25:44,5,499,2
500,4,42,no_show,57467,45.85997642538175,9.381255138948106,45.83101192945408,9.40435307148765,2023-11-02,2023-07-14 16:42:08,2023-10-24 18:31:43,3,500,3
